provider	package	harness	cleanup_mode
github	./github	TestGitHubRealSmoke	automatic_guarded_close
gitlab	./gitlab	TestGitLabRealSmoke	automatic_guarded_delete
gmail	./gmail	TestGmailRealSmoke	automatic_guarded_delete
one_drive	./onedrive	TestOneDriveRealSmoke	automatic_guarded_delete
google_ads	./googleads	TestGoogleAdsRealSmoke	read_only_external_authorization_revocation
datadog	./datadog	TestDatadogRealSmoke	read_only_external_credential_revocation
linear	./linear	TestLinearRealSmoke	automatic_guarded_delete
notion	./notion	TestNotionRealSmoke	automatic_guarded_trash
stripe	./stripe	TestStripeRealSmoke	manual_dashboard_cleanup_required
